-- 3. CHÈN DỮ LIỆU
---------------------------------------------------------

-- ===================== HANG_KH: Quy tắc xếp hạng =====================
-- Tích điểm: mỗi 100.000đ chi tiêu = 1 điểm | KHÔNG có hạng Đồng
-- ┌──────────────┬──────────┬──────────┬─────────────────────────────────┐
-- │ Hạng         │ Điểm min │ Điểm max │ Tương đương chi tiêu tích lũy   │
-- ├──────────────┼──────────┼──────────┼─────────────────────────────────┤
-- │ Thân thiết   │        0 │      499 │ Dưới 50.000.000đ                │
-- │ Bạc          │      500 │     1499 │ Từ 50.000.000 – 150.000.000đ    │
-- │ Vàng         │     1500 │     4999 │ Từ 150.000.000 – 500.000.000đ   │
-- │ Kim cương    │     5000 │   999999 │ Trên 500.000.000đ               │
-- └──────────────┴──────────┴──────────┴─────────────────────────────────┘
INSERT INTO HANG_KH (HANG, DIEM_MIN, DIEM_MAX, MO_TA) VALUES
(N'Thân thiết',    0,    499, N'Khách hàng mới – chi tiêu dưới 50 triệu – không ưu đãi'),
(N'Bạc',         500,   1499, N'Chi tiêu 50–150 triệu – ưu đãi 3% trên hóa đơn'),
(N'Vàng',       1500,   4999, N'Chi tiêu 150–500 triệu – ưu đãi 5% + quà sinh nhật'),
(N'Kim cương',  5000, 999999, N'Chi tiêu trên 500 triệu – ưu đãi 10% + dịch vụ VIP');

-- ===================== CHUC VU =====================
-- LUONG_CO_BAN = lương MỖI CA
-- Lương tháng = LUONG_CO_BAN x SO_CA_LAM + THUONG
-- 1 ngày làm tối đa 3 ca (Sáng / Chiều / Tối)
-- ┌──────┬────────────────┬─────────────────┬──────────────────────────────┐
-- │ Mã   │ Chức vụ        │ Lương/ca        │ Ước tính tháng (26ca, 0 thưởng)│
-- ├──────┼────────────────┼─────────────────┼──────────────────────────────┤
-- │ QL   │ Quản lý        │  1.200.000đ/ca  │ ~ 31.200.000đ                │
-- │ KTO  │ Kế toán        │    700.000đ/ca  │ ~ 18.200.000đ                │
-- │ KT   │ Kỹ thuật viên  │    600.000đ/ca  │ ~ 15.600.000đ                │
-- │ BH   │ Bán hàng       │    400.000đ/ca  │ ~ 10.400.000đ                │
-- └──────┴────────────────┴─────────────────┴──────────────────────────────┘
INSERT INTO CHUC_VU (MA_CV, TEN_CV, LUONG_CO_BAN) VALUES
('QL',  N'Quản lý',        1200000),
('KTO', N'Kế toán',        700000),
('KT',  N'Kỹ thuật viên',  600000),
('BH',  N'Bán hàng',       400000);

-- ===================== NHA CUNG CAP =====================
INSERT INTO NHA_CUNG_CAP (MA_NCC, TEN, SDT, DIA_CHI) VALUES
('SS', N'Samsung Việt Nam',        '028111',      N'Hà Nội'),
('LG', N'LG Electronics Việt Nam', '0243123456',  N'KCN Tràng Duệ, Hải Phòng'),
('PN', N'Panasonic Việt Nam',      '0243987654',  N'KCN Thăng Long, Hà Nội'),
('TS', N'Toshiba Việt Nam',        '0283555666',  N'Quận 1, TP. Hồ Chí Minh'),
('SH', N'Sharp Việt Nam',          '0274111222',  N'KCN VSAT, Bình Dương');

-- ===================== CON_NGUOI (ID 1-30) =====================
SET IDENTITY_INSERT CON_NGUOI ON;
INSERT INTO CON_NGUOI (ID_CN, TEN, DOB, GIOI_TINH, SDT, EMAIL) VALUES
( 1, N'Nguyễn Thành Nam',  '1985-03-12', N'Nam', '0901234567', 'nam.nguyen@store.vn'),
( 2, N'Trần Thị Hương',    '1992-07-25', N'Nữ',  '0912345678', 'huong.tran@store.vn'),
( 3, N'Lê Hoàng Long',     '1988-11-30', N'Nam', '0923456789', 'long.le@store.vn'),
( 4, N'Phạm Minh Đức',     '1995-02-14', N'Nam', '0934567890', 'duc.pham@store.vn'),
( 5, N'Vũ Phương Thảo',    '1998-09-08', N'Nữ',  '0945678901', 'thao.vu@store.vn'),
( 6, N'Đặng Văn Hùng',     '1983-05-20', N'Nam', '0956789012', 'hung.dang@store.vn'),
( 7, N'Ngô Kim Chi',       '2001-12-01', N'Nữ',  '0967890123', 'chi.ngo@store.vn'),
( 8, N'Bùi Anh Tuấn',      '1990-10-10', N'Nam', '0978901234', 'tuan.bui@store.vn'),
( 9, N'Trịnh Thu Trang',   '1993-04-18', N'Nữ',  '0989012345', 'trang.trinh@store.vn'),
(10, N'Hoàng Quốc Việt',   '1987-08-22', N'Nam', '0990123456', 'viet.hoang@store.vn'),
(11, N'Chu Văn Quàng',     '1994-02-20', N'Nam', '0911000111', 'quang.chu@store.vn'),
(12, N'Lý Thị Lan',        '1997-08-15', N'Nữ',  '0911000222', 'lan.ly@store.vn'),
(13, N'Ngô Tất Tố',        '1980-05-05', N'Nam', '0911000333', 'to.ngo@gmail.com'),
(14, N'Trần Đăng Khoa',    '2002-12-25', N'Nam', '0911000444', 'khoa.tran@gmail.com'),
(15, N'Nguyễn Nhật Ánh',   '1999-01-01', N'Nữ',  '0911000555', 'anh.nguyen@gmail.com'),
(16, N'Phạm Thị Bích',     '1991-06-10', N'Nữ',  '0922000101', 'bich.pham@gmail.com'),
(17, N'Lê Văn Dũng',       '1986-03-17', N'Nam', '0933000202', 'dung.le@gmail.com'),
(18, N'Vũ Thị Mai',        '2000-11-22', N'Nữ',  '0944000303', 'mai.vu@gmail.com'),
(19, N'Đỗ Mạnh Hùng',      '1978-07-04', N'Nam', '0955000404', 'hung.do@gmail.com'),
(20, N'Cao Thị Hoa',       '1995-09-30', N'Nữ',  '0966000505', 'hoa.cao@gmail.com'),
(21, N'Đinh Văn Toàn',     '1989-02-14', N'Nam', '0977000606', 'toan.dinh@gmail.com'),
(22, N'Bùi Thị Ngọc',      '1996-05-19', N'Nữ',  '0988000707', 'ngoc.bui@gmail.com'),
(23, N'Hà Minh Trí',       '1984-12-08', N'Nam', '0909000808', 'tri.ha@gmail.com'),
(24, N'Trương Thị Sen',    '2003-04-25', N'Nữ',  '0901100909', 'sen.truong@gmail.com'),
(25, N'Nguyễn Văn An',     '1975-01-31', N'Nam', '0912200010', 'an.nguyen@gmail.com'),
(26, N'Phan Thị Linh',     '1998-08-03', N'Nữ',  '0923300011', 'linh.phan@gmail.com'),
(27, N'Lưu Quang Hải',     '1981-10-16', N'Nam', '0934400012', 'hai.luu@gmail.com'),
(28, N'Đặng Thị Yến',      '2001-07-07', N'Nữ',  '0945500013', 'yen.dang@gmail.com'),
(29, N'Kiều Văn Phúc',     '1993-03-21', N'Nam', '0956600014', 'phuc.kieu@gmail.com'),
(30, N'Mai Thị Thúy',      '1990-06-28', N'Nữ',  '0967700015', 'thuy.mai@gmail.com');
SET IDENTITY_INSERT CON_NGUOI OFF;

-- ===================== NHAN VIEN =====================
INSERT INTO NHAN_VIEN (ID_NV, TRANG_THAI, MA_CV, ID_QL) VALUES
( 1, N'Đang làm việc', 'QL',  NULL),
( 2, N'Đang làm việc', 'BH',  1),
( 3, N'Đang làm việc', 'KT',  1),
( 4, N'Đang làm việc', 'KT',  1),
( 5, N'Đang làm việc', 'BH',  1),
( 6, N'Đang làm việc', 'BH',  1),
( 7, N'Đang làm việc', 'BH',  1),
( 8, N'Đang làm việc', 'KT',  1),
( 9, N'Nghỉ việc',     'BH',  1),
(10, N'Đang làm việc', 'KTO', 1),
(11, N'Đang làm việc', 'BH',  1),
(12, N'Đang làm việc', 'KTO', 1);

-- ===================== KHACH HANG =====================
-- Điểm phải khớp đúng với hạng theo bảng HANG_KH
INSERT INTO KHACH_HANG (ID_KH, KHTT, DIEM) VALUES
(13, N'Thân thiết',   300),
(14, N'Thân thiết',    50),
(15, N'Thân thiết',    20),
(16, N'Vàng',        1500),
(17, N'Kim cương',   8000),
(18, N'Thân thiết',   450),
(19, N'Vàng',        2200),
(20, N'Thân thiết',    80),
(21, N'Bạc',          750),
(22, N'Kim cương',   6500),
(23, N'Vàng',        1800),
(24, N'Thân thiết',    30),
(25, N'Kim cương',  12000),
(26, N'Bạc',          600),
(27, N'Vàng',        3000),
(28, N'Thân thiết',    10),
(29, N'Thân thiết',   200),
(30, N'Bạc',          900);

-- ===================== HANG HOA =====================
INSERT INTO HANG_HOA (MA_HH, TEN_HH, SO_LUONG, GIA, LOAI_HH, NGAY_NHAP, HAN_SU_DUNG, MA_NCC) VALUES
-- ── Tivi ──
('TV01', N'Tivi Samsung Full HD 40 inch',               10,  20000000, N'Tivi', '2026-01-01', '2029-01-01', 'SS'),
('TV03', N'Smart TV Samsung Neo QLED 8K 75 inch',        5,  85000000, N'Tivi', '2026-01-20', '2029-01-20', 'SS'),
('TV04', N'Smart TV LG NanoCell 50 inch',               12,  14500000, N'Tivi', '2026-02-15', '2028-02-15', 'LG'),
('TV05', N'Smart TV Samsung Crystal UHD 43 inch',       20,   9800000, N'Tivi', '2026-03-10', '2028-03-10', 'SS'),
('TV06', N'Smart TV Samsung QLED 4K 50 inch',           45,  18500000, N'Tivi', '2026-03-20', '2028-03-20', 'SS'),
('TV07', N'Smart TV LG NanoCell 75 inch',               30,  29000000, N'Tivi', '2026-04-01', '2028-04-01', 'LG'),
('TV08', N'Smart TV Panasonic HD 32 inch',             100,   4200000, N'Tivi', '2026-04-05', '2027-04-05', 'PN'),
('TV09', N'Smart TV LG OLED C3 65 inch',                 8,  42000000, N'Tivi', '2026-02-10', '2029-02-10', 'LG'),
('TV10', N'Smart TV Samsung The Frame 55 inch',         15,  32000000, N'Tivi', '2026-03-01', '2028-03-01', 'SS'),
('TV11', N'Smart TV Toshiba Full HD 43 inch',           25,   7500000, N'Tivi', '2026-03-15', '2027-03-15', 'TS'),
('TV12', N'Smart TV Sharp Aquos 4K 50 inch',            18,  11800000, N'Tivi', '2026-04-01', '2028-04-01', 'SH'),
-- ── Tủ lạnh ──
('TL03', N'Tủ lạnh Panasonic MultiDoor 540L',            7,  32000000, N'Tủ lạnh', '2026-01-10', '2029-01-10', 'PN'),
('TL04', N'Tủ lạnh Sharp Inverter 180L',                25,   5200000, N'Tủ lạnh', '2026-02-20', '2028-02-20', 'SH'),
('TL05', N'Tủ lạnh LG Side by Side 613L',                4,  38000000, N'Tủ lạnh', '2026-03-05', '2029-03-05', 'LG'),
('TL06', N'Tủ lạnh Panasonic 2 cánh 255L',             15,   8900000, N'Tủ lạnh', '2026-04-01', '2028-04-01', 'PN'),
('TL07', N'Tủ lạnh Sharp 4 cửa 600L',                  20,  21500000, N'Tủ lạnh', '2026-03-25', '2029-03-25', 'SH'),
('TL08', N'Tủ lạnh mini Toshiba 90L',                  80,   2800000, N'Tủ lạnh', '2026-04-01', '2027-04-01', 'TS'),
('TL09', N'Tủ đông Panasonic 300L',                     35,   7500000, N'Tủ lạnh', '2026-03-15', '2028-03-15', 'PN'),
('TL10', N'Tủ lạnh Samsung Bespoke 4 cánh 599L',        10,  45000000, N'Tủ lạnh', '2026-02-01', '2029-02-01', 'SS'),
('TL11', N'Tủ lạnh LG InstaView Door-in-Door 635L',      6,  52000000, N'Tủ lạnh', '2026-02-20', '2029-02-20', 'LG'),
('TL12', N'Tủ lạnh Sharp Inverter 2 cánh 390L',        22,  12500000, N'Tủ lạnh', '2026-03-10', '2028-03-10', 'SH'),
-- ── Máy giặt ──
('MG03', N'Máy giặt Samsung Inverter 12kg lồng ngang', 10,  14200000, N'Máy giặt', '2026-01-15', '2028-01-15', 'SS'),
('MG04', N'Máy giặt Toshiba 10kg lồng đứng',           18,   5800000, N'Máy giặt', '2026-02-25', '2027-02-25', 'TS'),
('MG05', N'Máy giặt sấy LG WashTower AI',               3,  52000000, N'Máy giặt', '2026-03-15', '2030-03-15', 'LG'),
('MG06', N'Máy giặt Panasonic lồng đứng 11.5kg',       55,   9200000, N'Máy giặt', '2026-04-01', '2027-04-01', 'PN'),
('MG07', N'Máy giặt Sharp lồng ngang 8.5kg',           40,   6900000, N'Máy giặt', '2026-03-20', '2027-03-20', 'SH'),
('MG08', N'Máy giặt Samsung AddWash 9kg',               30,  11500000, N'Máy giặt', '2026-02-10', '2028-02-10', 'SS'),
('MG09', N'Máy giặt LG AI DD 10.5kg lồng ngang',       20,  16800000, N'Máy giặt', '2026-03-05', '2028-03-05', 'LG'),
('MG10', N'Máy giặt Toshiba Inverter 9kg lồng ngang',  35,   8200000, N'Máy giặt', '2026-03-20', '2027-03-20', 'TS'),
-- ── Điều hòa ──
('DH03', N'Máy lạnh Panasonic Inverter 2HP',            12,  18500000, N'Điều hòa', '2026-03-01', '2028-03-01', 'PN'),
('DH04', N'Máy lạnh Toshiba Inverter 1HP Gold',         20,   9500000, N'Điều hòa', '2026-03-10', '2028-03-10', 'TS'),
('DH05', N'Máy lạnh Sharp 1.5HP lọc không khí',        15,  11200000, N'Điều hòa', '2026-03-15', '2028-03-15', 'SH'),
('DH06', N'Máy lạnh LG Inverter 2.5HP',                25,  24500000, N'Điều hòa', '2026-04-05', '2028-04-05', 'LG'),
('DH07', N'Máy lạnh Samsung Multi Inverter 1.5HP',     45,  15800000, N'Điều hòa', '2026-04-07', '2028-04-07', 'SS'),
('DH08', N'Máy lạnh Samsung Wind-Free 1HP',             28,  13500000, N'Điều hòa', '2026-02-15', '2028-02-15', 'SS'),
('DH09', N'Máy lạnh LG Dual Cool 2HP',                 16,  21000000, N'Điều hòa', '2026-03-01', '2028-03-01', 'LG'),
('DH10', N'Máy lạnh Sharp Inverter 1.5HP tiết kiệm',   32,  10800000, N'Điều hòa', '2026-03-20', '2028-03-20', 'SH'),
-- ── Gia dụng bếp ──
('NC03', N'Nồi cơm điện cao tần Panasonic 1.5L',        30,   4500000, N'Gia dụng bếp', '2026-02-10', '2027-02-10', 'PN'),
('NC04', N'Nồi cơm điện tử Toshiba 1.8L',               25,   2200000, N'Gia dụng bếp', '2026-03-05', '2027-03-05', 'TS'),
('NC05', N'Nồi cơm điện áp suất LG 1.8L',               90,   3900000, N'Gia dụng bếp', '2026-04-08', '2027-04-08', 'LG'),
('VS03', N'Lò vi sóng Sharp có nướng 25L',               15,   2900000, N'Gia dụng bếp', '2026-03-20', '2027-03-20', 'SH'),
('VS04', N'Lò nướng điện Panasonic 38L',                 10,   3500000, N'Gia dụng bếp', '2026-04-01', '2027-04-01', 'PN'),
('LO01', N'Lò nướng Panasonic đối lưu 30L',              50,   4200000, N'Gia dụng bếp', '2026-04-01', '2027-04-01', 'PN'),
('LO02', N'Lò nướng Sharp điện 20L',                     75,   1800000, N'Gia dụng bếp', '2026-04-02', '2027-04-02', 'SH'),
('BT01', N'Bếp từ đôi Samsung Bespoke',                   6,  17500000, N'Gia dụng bếp', '2026-02-15', '2029-02-15', 'SS'),
('BE01', N'Bếp từ đơn Toshiba mặt kính',               150,   1250000, N'Gia dụng bếp', '2026-04-01', '2027-04-01', 'TS'),
('BE02', N'Bếp hồng ngoại Sharp',                      130,    950000, N'Gia dụng bếp', '2026-04-02', '2027-04-02', 'SH'),
('MR01', N'Máy rửa bát Samsung Bespoke',                 15,  27500000, N'Gia dụng bếp', '2026-03-10', '2029-03-10', 'SS'),
('MR02', N'Máy rửa bát Panasonic Compact',               20,  16800000, N'Gia dụng bếp', '2026-03-15', '2029-03-15', 'PN'),
('MX01', N'Máy xay sinh tố Toshiba 3 cối',               25,   1100000, N'Gia dụng bếp', '2026-02-15', '2027-02-15', 'TS'),
('MX02', N'Máy xay cầm tay Panasonic',                  120,   1450000, N'Gia dụng bếp', '2026-04-10', '2027-04-10', 'PN'),
('MX03', N'Máy xay sinh tố công nghiệp Sharp',           65,   2300000, N'Gia dụng bếp', '2026-04-11', '2027-04-11', 'SH'),
('AM02', N'Ấm siêu tốc Panasonic 1.8L',                  50,    890000, N'Gia dụng bếp', '2026-04-10', '2027-04-10', 'PN'),
('AM03', N'Ấm siêu tốc Sharp inox 1.5L',                250,    420000, N'Gia dụng bếp', '2026-04-12', '2027-04-12', 'SH'),
('AM04', N'Ấm siêu tốc thủy tinh LG',                   140,   1150000, N'Gia dụng bếp', '2026-04-12', '2027-04-12', 'LG'),
('EP01', N'Máy ép chậm Panasonic',                        10,   4800000, N'Gia dụng bếp', '2026-03-20', '2028-03-20', 'PN'),
('CM01', N'Máy pha cà phê Panasonic',                     40,   5800000, N'Gia dụng bếp', '2026-04-10', '2028-04-10', 'PN'),
('MD01', N'Máy đánh trứng Philips (by SS)',                90,   1100000, N'Gia dụng bếp', '2026-04-07', '2027-04-07', 'SS'),
-- ── Gia dụng khác ──
('QT03', N'Quạt lửng Sharp có hẹn giờ',                  40,    850000, N'Gia dụng', '2026-03-25', '2027-03-25', 'SH'),
('QT04', N'Quạt trần Panasonic 5 cánh',                  12,   5200000, N'Gia dụng', '2026-04-05', '2028-04-05', 'PN'),
('QT05', N'Quạt hộp Toshiba mini',                      200,    450000, N'Gia dụng', '2026-04-10', '2027-04-10', 'TS'),
('QT06', N'Quạt treo tường Panasonic có khiển',         180,   1650000, N'Gia dụng', '2026-04-11', '2027-04-11', 'PN'),
('QT07', N'Quạt công nghiệp Sharp',                     120,   2100000, N'Gia dụng', '2026-04-12', '2027-04-12', 'SH'),
('MB03', N'Máy hút bụi cầm tay LG CordZero',               8,  12500000, N'Gia dụng', '2026-03-01', '2028-03-01', 'LG'),
('RB01', N'Robot hút bụi Samsung Jet Bot',               30,  11500000, N'Gia dụng', '2026-03-25', '2028-03-25', 'SS'),
('RB02', N'Robot hút bụi LG CordZero R9',                25,  19800000, N'Gia dụng', '2026-03-28', '2028-03-28', 'LG'),
('ML01', N'Máy lọc nước Panasonic kiềm',                   5,  25000000, N'Gia dụng', '2026-01-20', '2029-01-20', 'PN'),
('ML02', N'Máy lọc không khí Samsung AX32',              15,   4200000, N'Gia dụng', '2026-02-10', '2027-02-10', 'SS'),
('ML03', N'Máy lọc không khí Panasonic bù ẩm',           85,   6200000, N'Gia dụng', '2026-04-01', '2027-04-01', 'PN'),
('ML04', N'Máy lọc không khí Sharp bắt muỗi',           110,   4800000, N'Gia dụng', '2026-04-02', '2027-04-02', 'SH'),
('NB01', N'Máy nước nóng Panasonic trực tiếp',            95,   3400000, N'Gia dụng', '2026-03-10', '2028-03-10', 'PN'),
('NB02', N'Máy nước nóng gián tiếp Sharp 20L',            60,   2900000, N'Gia dụng', '2026-03-12', '2028-03-12', 'SH'),
('BL03', N'Bàn là hơi nước đứng Philips (by LG)',         15,   3200000, N'Gia dụng', '2026-03-05', '2027-03-05', 'LG'),
('BL04', N'Bàn là du lịch Panasonic mini',              160,    550000, N'Gia dụng', '2026-04-13', '2027-04-13', 'PN'),
('MS01', N'Máy sấy tóc Panasonic Nanoe',                  45,   1500000, N'Gia dụng', '2026-04-01', '2027-04-01', 'PN'),
('MS02', N'Máy sấy tóc Toshiba Pro',                    190,    780000, N'Gia dụng', '2026-04-13', '2027-04-13', 'TS'),
('MT01', N'Máy massage cổ LG Healing',                    35,   3200000, N'Gia dụng', '2026-04-01', '2027-04-01', 'LG'),
('MT02', N'Máy massage cầm tay Panasonic',               55,   2100000, N'Gia dụng', '2026-04-02', '2027-04-02', 'PN'),
('CN01', N'Cân sức khỏe điện tử Samsung',               150,    850000, N'Gia dụng', '2026-04-05', '2027-04-05', 'SS'),
('CN02', N'Cân sức khỏe Sharp Inox',                    120,    550000, N'Gia dụng', '2026-04-06', '2027-04-06', 'SH'),
-- ── Âm thanh ──
('LD03', N'Loa Bluetooth LG Xboom GO',                   30,   2500000, N'Âm thanh', '2026-03-15', '2027-03-15', 'LG'),
('LD04', N'Dàn âm thanh Panasonic 5.1',                    4,   8500000, N'Âm thanh', '2026-02-05', '2028-02-05', 'PN'),
('LD05', N'Loa Tháp Samsung Sound Tower',                60,   6800000, N'Âm thanh', '2026-03-15', '2027-03-15', 'SS'),
('LD06', N'Dàn âm thanh LG DVD Home Theater',            25,   4500000, N'Âm thanh', '2026-02-10', '2028-02-10', 'LG');

-- ===================== CA LAM (1 ngày 3 ca: Sáng / Chiều / Tối) =====================
INSERT INTO CA_LAM (MA_CA, THOI_GIAN, NGAY) VALUES
('S01',N'Sáng', '2026-04-01'),('C01',N'Chiều','2026-04-01'),('T01',N'Tối', '2026-04-01'),
('S02',N'Sáng', '2026-04-02'),('C02',N'Chiều','2026-04-02'),('T02',N'Tối', '2026-04-02'),
('S03',N'Sáng', '2026-04-03'),('C03',N'Chiều','2026-04-03'),('T03',N'Tối', '2026-04-03'),
('S04',N'Sáng', '2026-04-05'),('C04',N'Chiều','2026-04-05'),('T04',N'Tối', '2026-04-05'),
('S05',N'Sáng', '2026-04-07'),('C05',N'Chiều','2026-04-07'),('T05',N'Tối', '2026-04-07'),
('S06',N'Sáng', '2026-04-09'),('C06',N'Chiều','2026-04-09'),('T06',N'Tối', '2026-04-09'),
('S07',N'Sáng', '2026-04-10'),('C07',N'Chiều','2026-04-10'),('T07',N'Tối', '2026-04-10'),
('S08',N'Sáng', '2026-04-11'),('C08',N'Chiều','2026-04-11'),('T08',N'Tối', '2026-04-11'),
('S09',N'Sáng', '2026-04-12'),('C09',N'Chiều','2026-04-12'),('T09',N'Tối', '2026-04-12'),
('S10',N'Sáng', '2026-04-13'),('C10',N'Chiều','2026-04-13'),('T10',N'Tối', '2026-04-13'),
('S11',N'Sáng', '2026-04-14'),('C11',N'Chiều','2026-04-14');

-- ===================== LUONG =====================
-- Công thức: LUONG_THUC_NHAN = LUONG_CO_BAN (mỗi ca) x SO_CA_LAM + THUONG
-- ┌────┬───────────────────┬──────────┬──────────┬──────────────┬───────────────┐
-- │ ID │ Họ tên            │ Lương/ca │ Số ca    │ Thưởng       │ Tổng nhận     │
-- ├────┼───────────────────┼──────────┼──────────┼──────────────┼───────────────┤
-- │  1 │ Nguyễn Thành Nam  │1.200.000 │ 26       │ 3.000.000    │  34.200.000   │
-- │  2 │ Trần Thị Hương    │  400.000 │ 24       │ 1.500.000    │  11.100.000   │
-- │  3 │ Lê Hoàng Long     │  600.000 │ 25       │ 1.000.000    │  16.000.000   │
-- │  4 │ Phạm Minh Đức     │  600.000 │ 22       │   500.000    │  13.700.000   │
-- │  5 │ Vũ Phương Thảo    │  400.000 │ 24       │   800.000    │  10.400.000   │
-- │  6 │ Đặng Văn Hùng     │  400.000 │ 26       │ 1.200.000    │  11.600.000   │
-- │  7 │ Ngô Kim Chi       │  400.000 │ 20       │   300.000    │   8.300.000   │
-- │  8 │ Bùi Anh Tuấn      │  600.000 │ 23       │   700.000    │  14.500.000   │
-- │ 10 │ Hoàng Quốc Việt   │  700.000 │ 26       │ 1.500.000    │  19.700.000   │
-- │ 11 │ Chu Văn Quàng     │  400.000 │ 25       │   600.000    │  10.600.000   │
-- │ 12 │ Lý Thị Lan        │  700.000 │ 26       │ 1.000.000    │  19.200.000   │
-- └────┴───────────────────┴──────────┴──────────┴──────────────┴───────────────┘
INSERT INTO LUONG (ID_NV, THUONG, SO_CA_LAM, MA_CV) VALUES
( 1,  3000000, 26, 'QL' ),
( 2,  1500000, 24, 'BH' ),
( 3,  1000000, 25, 'KT' ),
( 4,   500000, 22, 'KT' ),
( 5,   800000, 24, 'BH' ),
( 6,  1200000, 26, 'BH' ),
( 7,   300000, 20, 'BH' ),
( 8,   700000, 23, 'KT' ),
(10,  1500000, 26, 'KTO'),
(11,   600000, 25, 'BH' ),
(12,  1000000, 26, 'KTO');

-- ===================== CHAM CONG =====================
INSERT INTO CHAM_CONG (MA_CA, ID_NV) VALUES
('S01',1),('S01',2),('S01',5),   ('C01',2),('C01',6),('C01',11),  ('T01',7),('T01',11),
('S02',1),('S02',3),('S02',6),   ('C02',5),('C02',11),            ('T02',6),('T02',7),
('S03',2),('S03',4),('S03',8),   ('C03',6),('C03',11),            ('T03',5),('T03',7),
('S04',1),('S04',2),('S04',6),   ('C04',5),('C04',7),             ('T04',11),('T04',6),
('S05',2),('S05',5),('S05',11),  ('C05',6),('C05',7),             ('T05',11),('T05',5),
('S06',1),('S06',2),('S06',6),   ('C06',5),('C06',11),            ('T06',6),('T06',7),
('S07',2),('S07',5),('S07',11),  ('C07',6),('C07',7),             ('T07',5),('T07',11),
('S08',1),('S08',2),('S08',6),   ('C08',5),('C08',11),            ('T08',7),('T08',6),
('S09',2),('S09',5),('S09',6),   ('C09',11),('C09',7),            ('T09',5),('T09',11),
('S10',1),('S10',2),('S10',6),   ('C10',5),('C10',11),
('S11',2),('S11',6),('S11',11),  ('C11',5),('C11',7);

-- ===================== HOA DON =====================
INSERT INTO HOA_DON (MA_HD, ID_NV, ID_KH, MA_CA, THOI_GIAN, TONG_TIEN) VALUES
('HD01', 2,  16, 'S01', '2026-04-01 08:30:00', 0),
('HD02', 6,  17, 'C01', '2026-04-01 14:00:00', 0),
('HD03', 11, 22, 'T01', '2026-04-01 19:30:00', 0),
('HD04', 2,  25, 'S02', '2026-04-02 09:00:00', 0),
('HD05', 6,  19, 'C02', '2026-04-02 15:00:00', 0),
('HD06', 7,  13, 'T02', '2026-04-02 20:00:00', 0),
('HD07', 5,  27, 'S03', '2026-04-03 08:45:00', 0),
('HD08', 11, 23, 'C03', '2026-04-03 14:30:00', 0),
('HD09', 6,  18, 'T03', '2026-04-03 19:00:00', 0),
('HD10', 2,  21, 'S04', '2026-04-05 09:15:00', 0),
('HD11', 7,  30, 'C04', '2026-04-05 14:00:00', 0),
('HD12', 5,  15, 'T04', '2026-04-05 20:30:00', 0),
('HD13', 6,  26, 'S05', '2026-04-07 08:00:00', 0),
('HD14', 11, 20, 'C05', '2026-04-07 13:45:00', 0),
('HD15', 2,  24, 'T05', '2026-04-07 19:00:00', 0),
('HD16', 5,  29, 'S06', '2026-04-09 09:30:00', 0),
('HD17', 6,  14, 'C06', '2026-04-09 15:00:00', 0),
('HD18', 7,  28, 'T06', '2026-04-09 20:00:00', 0),
('HD19', 11, 17, 'S07', '2026-04-10 08:30:00', 0),
('HD20', 2,  25, 'C07', '2026-04-10 14:00:00', 0),
('HD21', 5,  22, 'S08', '2026-04-11 09:00:00', 0),
('HD22', 6,  16, 'C08', '2026-04-11 15:30:00', 0),
('HD23', 11, 19, 'S09', '2026-04-12 08:00:00', 0),
('HD24', 2,  23, 'C09', '2026-04-12 14:00:00', 0),
('HD25', 7,  27, 'S10', '2026-04-13 09:30:00', 0);

-- ===================== CTHD =====================
INSERT INTO CTHD (MA_CTHD, SO_LUONG, GIA, MA_HD, MA_HH) VALUES
('CT001', 1,  20000000, 'HD01', 'TV01'),
('CT002', 1,  15800000, 'HD01', 'DH07'),
('CT003', 1,  45000000, 'HD02', 'TL10'),
('CT004', 1,  14200000, 'HD03', 'MG03'),
('CT005', 2,    890000, 'HD03', 'AM02'),
('CT006', 1,  85000000, 'HD04', 'TV03'),
('CT007', 1,  18500000, 'HD05', 'DH03'),
('CT008', 2,    850000, 'HD05', 'QT03'),
('CT009', 1,   8900000, 'HD06', 'TL06'),
('CT010', 1,   4500000, 'HD06', 'NC03'),
('CT011', 1,  52000000, 'HD07', 'MG05'),
('CT012', 1,  42000000, 'HD08', 'TV09'),
('CT013', 1,   8500000, 'HD08', 'LD04'),
('CT014', 1,  24500000, 'HD09', 'DH06'),
('CT015', 1,  52000000, 'HD10', 'TL11'),
('CT016', 1,   6200000, 'HD10', 'ML03'),
('CT017', 1,  16800000, 'HD11', 'MG09'),
('CT018', 1,  17500000, 'HD11', 'BT01'),
('CT019', 1,   4200000, 'HD12', 'TV08'),
('CT020', 1,   3900000, 'HD12', 'NC05'),
('CT021', 3,    420000, 'HD12', 'AM03'),
('CT022', 1,  21500000, 'HD13', 'TL07'),
('CT023', 1,  27500000, 'HD13', 'MR01'),
('CT024', 1,  13500000, 'HD14', 'DH08'),
('CT025', 1,  11500000, 'HD14', 'RB01'),
('CT026', 1,   5800000, 'HD15', 'MG04'),
('CT027', 1,   4200000, 'HD15', 'LO01'),
('CT028', 1,  32000000, 'HD16', 'TV10'),
('CT029', 1,   6800000, 'HD16', 'LD05'),
('CT030', 1,  38000000, 'HD17', 'TL05'),
('CT031', 1,  21000000, 'HD18', 'DH09'),
('CT032', 1,   5200000, 'HD18', 'QT04'),
('CT033', 1,  11800000, 'HD19', 'TV12'),
('CT034', 1,   3400000, 'HD19', 'NB01'),
('CT035', 1,  32000000, 'HD20', 'TL03'),
('CT036', 1,   5800000, 'HD20', 'CM01'),
('CT037', 1,  11500000, 'HD21', 'MG08'),
('CT038', 2,   1500000, 'HD21', 'MS01'),
('CT039', 1,  10800000, 'HD22', 'DH10'),
('CT040', 1,   4800000, 'HD22', 'ML04'),
('CT041', 1,  29000000, 'HD23', 'TV07'),
('CT042', 1,   4500000, 'HD23', 'LD06'),
('CT043', 1,  12500000, 'HD24', 'TL12'),
('CT044', 2,   1250000, 'HD24', 'BE01'),
('CT045', 1,   6900000, 'HD25', 'MG07'),
('CT046', 1,  19800000, 'HD25', 'RB02');

-- ===================== HANG NHAP =====================
INSERT INTO HANG_NHAP (MA_NHAP_HANG, SO_LUONG, NGAY_NHAP, DON_GIA, MA_NCC, MA_HH) VALUES
('NH01', 20, '2026-01-01',  16000000, 'SS', 'TV01'),
('NH02', 10, '2026-01-20',  65000000, 'SS', 'TV03'),
('NH03', 15, '2026-02-15',  11000000, 'LG', 'TV04'),
('NH04', 12, '2026-02-10',  33000000, 'LG', 'TV09'),
('NH05', 18, '2026-03-01',  25000000, 'SS', 'TV10'),
('NH06',  8, '2026-01-10',  25000000, 'PN', 'TL03'),
('NH07', 10, '2026-02-01',  36000000, 'SS', 'TL10'),
('NH08',  8, '2026-02-20',  42000000, 'LG', 'TL11'),
('NH09', 12, '2026-01-15',  11000000, 'SS', 'MG03'),
('NH10', 15, '2026-02-10',   9000000, 'SS', 'MG08'),
('NH11', 12, '2026-03-05',  13500000, 'LG', 'MG09'),
('NH12', 20, '2026-03-01',  15000000, 'PN', 'DH03'),
('NH13', 30, '2026-02-15',  10500000, 'SS', 'DH08'),
('NH14', 20, '2026-03-01',  17000000, 'LG', 'DH09'),
('NH15', 30, '2026-02-10',   3500000, 'PN', 'NC03'),
('NH16', 50, '2026-03-25',    650000, 'SH', 'QT03');

-- ===================== BO HANG =====================
INSERT INTO BO_HANG (MA_BO, TEN, SO_LUONG, TONG_GIA, NGAY_BO, MA_HH) VALUES
('BH01', N'Tivi lỗi màn hình',               2,  40000000, '2026-02-01', 'TV01'),
('BH02', N'Tủ lạnh móp vỏ khi vận chuyển',   1,  32000000, '2026-02-15', 'TL03'),
('BH03', N'Máy giặt lỗi motor',              1,  14200000, '2026-03-10', 'MG03'),
('BH04', N'Quạt hỏng cánh',                  3,   2550000, '2026-03-20', 'QT03'),
('BH05', N'Điều hòa rò gas',                 1,  18500000, '2026-03-25', 'DH03'),
('BH06', N'Tivi LG OLED sọc màn hình',       1,  42000000, '2026-04-01', 'TV09');
GO